epoch,train_loss,train_accuracy,train_sinus rhythm_rocauc,train_sinus rhythm_prauc,train_myocardial infarction_rocauc,train_myocardial infarction_prauc,train_left axis deviation_rocauc,train_left axis deviation_prauc,train_abnormal QRS_rocauc,train_abnormal QRS_prauc,train_left ventricular hypertrophy_rocauc,train_left ventricular hypertrophy_prauc,train_t wave abnormal_rocauc,train_t wave abnormal_prauc,train_myocardial ischemia_rocauc,train_myocardial ischemia_prauc,train_left anterior fascicular block_rocauc,train_left anterior fascicular block_prauc,train_atrial fibrillation_rocauc,train_atrial fibrillation_prauc,train_ventricular ectopics_rocauc,train_ventricular ectopics_prauc,train_incomplete right bundle branch block_rocauc,train_incomplete right bundle branch block_prauc,train_st depression_rocauc,train_st depression_prauc,train_sinus tachycardia_rocauc,train_sinus tachycardia_prauc,train_1st degree av block_rocauc,train_1st degree av block_prauc,train_nonspecific intraventricular conduction disorder_rocauc,train_nonspecific intraventricular conduction disorder_prauc,train_sinus arrhythmia_rocauc,train_sinus arrhythmia_prauc,train_s t changes_rocauc,train_s t changes_prauc,train_sinus bradycardia_rocauc,train_sinus bradycardia_prauc,train_qwave abnormal_rocauc,train_qwave abnormal_prauc,train_complete right bundle branch block_rocauc,train_complete right bundle branch block_prauc,train_left bundle branch block_rocauc,train_left bundle branch block_prauc,train_left atrial enlargement_rocauc,train_left atrial enlargement_prauc,train_premature atrial contraction_rocauc,train_premature atrial contraction_prauc,train_nonspecific st t abnormality_rocauc,train_nonspecific st t abnormality_prauc,train_anterior myocardial infarction_rocauc,train_anterior myocardial infarction_prauc,train_right axis deviation_rocauc,train_right axis deviation_prauc,train_prolonged pr interval_rocauc,train_prolonged pr interval_prauc,train_t wave inversion_rocauc,train_t wave inversion_prauc,train_pacing rhythm_rocauc,train_pacing rhythm_prauc,train_inferior ischaemia_rocauc,train_inferior ischaemia_prauc,train_low qrs voltages_rocauc,train_low qrs voltages_prauc,train_left posterior fascicular block_rocauc,train_left posterior fascicular block_prauc,train_supraventricular premature beats_rocauc,train_supraventricular premature beats_prauc,train_indeterminate cardiac axis_rocauc,train_indeterminate cardiac axis_prauc,train_lateral ischaemia_rocauc,train_lateral ischaemia_prauc,train_right ventricular hypertrophy_rocauc,train_right ventricular hypertrophy_prauc,train_prolonged qt interval_rocauc,train_prolonged qt interval_prauc,train_right atrial hypertrophy_rocauc,train_right atrial hypertrophy_prauc,train_ventricular bigeminy_rocauc,train_ventricular bigeminy_prauc,train_wolff parkinson white pattern_rocauc,train_wolff parkinson white pattern_prauc,train_incomplete left bundle branch block_rocauc,train_incomplete left bundle branch block_prauc,train_atrial flutter_rocauc,train_atrial flutter_prauc,train_anterior ischemia_rocauc,train_anterior ischemia_prauc,train_ventricular hypertrophy_rocauc,train_ventricular hypertrophy_prauc,train_st elevation_rocauc,train_st elevation_prauc,train_supraventricular tachycardia_rocauc,train_supraventricular tachycardia_prauc,train_paroxysmal supraventricular tachycardia_rocauc,train_paroxysmal supraventricular tachycardia_prauc,train_ventricular trigeminy_rocauc,train_ventricular trigeminy_prauc,train_complete heart block_rocauc,train_complete heart block_prauc,train_2nd degree av block_rocauc,train_2nd degree av block_prauc,train_mean_rocaucs,train_mean_praucs,valid_accuracy,valid_sinus rhythm_rocauc,valid_sinus rhythm_prauc,valid_myocardial infarction_rocauc,valid_myocardial infarction_prauc,valid_left axis deviation_rocauc,valid_left axis deviation_prauc,valid_abnormal QRS_rocauc,valid_abnormal QRS_prauc,valid_left ventricular hypertrophy_rocauc,valid_left ventricular hypertrophy_prauc,valid_t wave abnormal_rocauc,valid_t wave abnormal_prauc,valid_myocardial ischemia_rocauc,valid_myocardial ischemia_prauc,valid_left anterior fascicular block_rocauc,valid_left anterior fascicular block_prauc,valid_atrial fibrillation_rocauc,valid_atrial fibrillation_prauc,valid_ventricular ectopics_rocauc,valid_ventricular ectopics_prauc,valid_incomplete right bundle branch block_rocauc,valid_incomplete right bundle branch block_prauc,valid_st depression_rocauc,valid_st depression_prauc,valid_sinus tachycardia_rocauc,valid_sinus tachycardia_prauc,valid_1st degree av block_rocauc,valid_1st degree av block_prauc,valid_nonspecific intraventricular conduction disorder_rocauc,valid_nonspecific intraventricular conduction disorder_prauc,valid_sinus arrhythmia_rocauc,valid_sinus arrhythmia_prauc,valid_s t changes_rocauc,valid_s t changes_prauc,valid_sinus bradycardia_rocauc,valid_sinus bradycardia_prauc,valid_qwave abnormal_rocauc,valid_qwave abnormal_prauc,valid_complete right bundle branch block_rocauc,valid_complete right bundle branch block_prauc,valid_left bundle branch block_rocauc,valid_left bundle branch block_prauc,valid_left atrial enlargement_rocauc,valid_left atrial enlargement_prauc,valid_premature atrial contraction_rocauc,valid_premature atrial contraction_prauc,valid_nonspecific st t abnormality_rocauc,valid_nonspecific st t abnormality_prauc,valid_anterior myocardial infarction_rocauc,valid_anterior myocardial infarction_prauc,valid_right axis deviation_rocauc,valid_right axis deviation_prauc,valid_prolonged pr interval_rocauc,valid_prolonged pr interval_prauc,valid_t wave inversion_rocauc,valid_t wave inversion_prauc,valid_pacing rhythm_rocauc,valid_pacing rhythm_prauc,valid_inferior ischaemia_rocauc,valid_inferior ischaemia_prauc,valid_low qrs voltages_rocauc,valid_low qrs voltages_prauc,valid_left posterior fascicular block_rocauc,valid_left posterior fascicular block_prauc,valid_supraventricular premature beats_rocauc,valid_supraventricular premature beats_prauc,valid_indeterminate cardiac axis_rocauc,valid_indeterminate cardiac axis_prauc,valid_lateral ischaemia_rocauc,valid_lateral ischaemia_prauc,valid_right ventricular hypertrophy_rocauc,valid_right ventricular hypertrophy_prauc,valid_prolonged qt interval_rocauc,valid_prolonged qt interval_prauc,valid_right atrial hypertrophy_rocauc,valid_right atrial hypertrophy_prauc,valid_ventricular bigeminy_rocauc,valid_ventricular bigeminy_prauc,valid_wolff parkinson white pattern_rocauc,valid_wolff parkinson white pattern_prauc,valid_incomplete left bundle branch block_rocauc,valid_incomplete left bundle branch block_prauc,valid_atrial flutter_rocauc,valid_atrial flutter_prauc,valid_anterior ischemia_rocauc,valid_anterior ischemia_prauc,valid_ventricular hypertrophy_rocauc,valid_ventricular hypertrophy_prauc,valid_st elevation_rocauc,valid_st elevation_prauc,valid_supraventricular tachycardia_rocauc,valid_supraventricular tachycardia_prauc,valid_paroxysmal supraventricular tachycardia_rocauc,valid_paroxysmal supraventricular tachycardia_prauc,valid_ventricular trigeminy_rocauc,valid_ventricular trigeminy_prauc,valid_complete heart block_rocauc,valid_complete heart block_prauc,valid_2nd degree av block_rocauc,valid_2nd degree av block_prauc,valid_mean_rocaucs,valid_mean_praucs
0,4.772865927668739,0.10291943828529194,0.5889889320852287,0.7403610637130446,0.7489422370119405,0.07835986572657574,0.7516697634946774,0.11015537818912707,,,0.7256965121577247,0.0260483570842488,0.7691833779995687,0.0008628771735081826,,,0.8130354148124579,0.11330947856565522,0.5935854266260705,0.08200697184266481,,,0.5114773909947414,0.03824859530483665,0.5159805356034406,0.007693708976900588,0.5756502897998695,0.04392880577470751,,,0.08066155409775477,0.00010049241282283188,0.493761045091182,0.035181652173836855,,,0.5041129770818409,0.02701250198405944,,,0.5102859411201545,0.03947741923707607,0.7860010086910337,0.07427918086894658,0.7429952714804003,0.029989605731973706,0.6868645465919153,0.04426435075786501,,,0.8263728122974349,0.03457131853472739,0.828396774027842,0.11338253130849232,0.7189261237925638,0.04242309481079343,0.6993056301053022,0.007028415643212715,,,,,,,0.8343612567519381,0.006330557692461136,,,,,0.7320735538717428,0.0005080192773623347,0.6312141933099242,0.00038341118830642054,0.5133062280539642,0.00033713811534916583,,,,,,,0.5327604653214297,0.003769329675235457,0.6143487479227552,0.0025907061840981446,0.47147873069257595,0.009820885977441608,0.6887749911260731,0.028322212174349513,0.5068505811067258,0.010503633276167634,0.6043820641096906,0.0039060920818508762,0.47297172426538536,0.00025696820909586865,,,0.8356515711645102,0.008593085828060293,,,0.6336384143230261,0.05345477895438951,0.10648846734209959,0.594211453188786,0.7504225632894972,0.7155577973054379,0.07437663016573534,0.761938119684916,0.11492551682867469,,,0.7194118830809478,0.021350607337050066,0.6408238084968729,0.0008839873249372607,,,0.831186376177338,0.07396695120175101,0.5922600336153365,0.08835464698391816,,,0.5388327021608376,0.040042614799045,0.5188574566169826,0.007940717773542308,0.5573359590338467,0.030757796456850985,,,0.7347994825355757,0.0008123476848090983,0.5109972231184352,0.037720492594684185,,,0.4778200767217814,0.027869654505162756,,,0.5334492470317713,0.041001426822813304,0.8073909281918179,0.0794946704757067,0.7287457455282788,0.019348396026988953,0.7272299917734164,0.03730708712405855,,,0.7333632644916692,0.006342240270703845,0.7873247033441209,0.009341552727769714,0.7337766468534017,0.0397268848154439,0.6843635085442353,0.013916150581311671,,,,,,,0.7788025889967638,0.004983957958651126,,,,,0.6073738680465718,0.0005488474204171241,0.6604485658831141,0.0011056286549707603,,,,,,,,,0.6621084467487578,0.015077596620666156,0.6731850078153581,0.0049984659762998115,0.4789377029316824,0.008879165750634774,0.6810360557623532,0.02453351395337728,0.5356521739130434,0.009203287563739369,0.48618605655083097,0.0015815586284636915,,,,,0.6764452113891286,0.00128666844144059,,,0.6506403898559163,0.051229084734165015
1,4.141642912704682,0.20925720620842572,0.6100627671748617,0.7668116813823821,0.5861175851409901,0.027936720998633074,0.7561604184297849,0.08120838829956306,,,0.7524834028821091,0.023932010144877856,0.6127591411761082,0.0007450357649701973,,,0.9145465277681705,0.18590410709289448,0.334726175848382,0.0431786259539309,,,0.5513527353042444,0.0412367306396768,0.4569256007803494,0.007666926240472256,0.43676952355670956,0.032398891057667266,,,0.40663402014228955,0.00015569048731122528,0.5097496350525248,0.040639930875316775,,,0.5825105717504597,0.03093373664798036,,,0.5564279142084652,0.04346688033943764,0.7043939708394564,0.06945133550802726,0.8220301696036587,0.0346637884709709,0.7918749204959783,0.046969521872799645,,,0.726530234280952,0.004930300457678988,0.7483638978784609,0.001960576961967879,0.6836843667368194,0.027488552528309056,0.64052085061532,0.006606076562958193,,,,,,,0.727003790330036,0.001981975068207213,,,,,0.6776935871373129,0.0004270375125864647,0.5010164479763445,0.00027625985020966986,0.45934208094622064,0.0002491608469005959,,,,,,,0.4168915388495441,0.004630898611781769,0.5455671484552351,0.002214385238912227,0.3514955468360737,0.007862042411048407,0.7925162839385314,0.0469940502879073,0.5450106856038335,0.011398936837540436,0.47678031004879257,0.002520379552315668,0.6288578820920347,0.0003694481889131734,,,0.5816081330868761,0.0005422850994540848,,,0.6026790262111191,0.04841673841798797,0.21427031687863765,0.6124608595991392,0.7622193336746317,0.5881780629368624,0.03894604425414862,0.7421114681715457,0.05796683649802976,,,0.753840284415824,0.023927561838622526,0.5504636618503342,0.0007122045149357723,,,0.9317032949608347,0.12747773369435525,0.3398046372286335,0.050810338957106446,,,0.6147233979356946,0.04743083058827843,0.44789462245049705,0.007649344091165796,0.40789963553709296,0.023899934971115772,,,0.4795170332039672,0.00041407867494824016,0.5354059293453233,0.04349634183346695,,,0.5586292547999754,0.03493410365932425,,,0.6229593868909236,0.047962018023995044,0.726171826721048,0.06575318554804005,0.8498201655924881,0.0377577592858648,0.8019972316893225,0.0475127866980847,,,0.5611094482689813,0.0031547623567890265,0.8797734627831716,0.019876435154990588,0.6837862552929249,0.03199553809892535,0.6215390439108803,0.009457895672806813,,,,,,,0.8562567421790722,0.003656751307791411,,,,,0.4775765416127641,0.00041254125412541255,0.6176407159801596,0.00154096522511018,,,,,,,,,0.5052063080578959,0.0034807928540845096,0.6526821643553161,0.0046513939413878255,0.29489109135830516,0.0065609601661528365,0.7747396783689755,0.05438013837294506,0.5855072463768116,0.014075430445166832,0.4308583351320238,0.001579966559769888,,,,,0.48770491803278687,0.0008088702827694272,,,0.6126726679045024,0.050790415435449335
2,3.973247711163314,0.28566149297856613,0.605959770494562,0.7502368297993636,0.6406499308584193,0.02881714037929393,0.8785568820595647,0.19306540681796314,,,0.7696995772602371,0.027635673822549153,0.8158518929242522,0.0021497821023413735,,,0.8505826635123981,0.08493791755813071,0.6246660627150583,0.08536632887110135,,,0.5573693482377613,0.04013535126520186,0.6875055422541455,0.016640825050437378,0.6412994712330453,0.05697742587003526,,,0.8687979303335489,0.0007037297677691766,0.5262752634830071,0.040911818614736084,,,0.6488626377460985,0.045004082526672776,,,0.5657599005971857,0.04433479589049008,0.8371117404271984,0.11832676989509512,0.701657925810309,0.01551862692081651,0.6799374007875101,0.030668146540067314,,,0.8232910454671729,0.006631978892879279,0.8599989726203319,0.007638371365750199,0.7275012141816415,0.02985157916515322,0.7315135604633687,0.006750674670443511,,,,,,,0.6655661062613082,0.0016006569198246732,,,,,0.7124838292367399,0.0018299059394143293,0.5887543892071706,0.0006048299601800522,0.7019035298466088,0.00048040469323457665,,,,,,,0.5850582330361929,0.004683861378789147,0.831924994379868,0.0137375656134666,0.6179309915296463,0.01800331106875441,0.801705037451363,0.05035329399885602,0.6601467466121179,0.017316765006262565,0.7197578901859059,0.0052294558765630696,0.6286268711883201,0.0005049599643082566,,,0.8220425138632163,0.001346300785248172,,,0.7084469656444022,0.05296953233306645,0.2957533951282604,0.6224225221314952,0.7575215485317748,0.657095935208116,0.027619358378253155,0.8850896787762407,0.17749396507212434,,,0.7951526890375812,0.03590087964373126,0.8277981453525987,0.003543156281920327,,,0.8504550788063299,0.05904351144449663,0.6517570694177797,0.09985925305469545,,,0.5891675948615134,0.03763110200740565,0.8588693533442386,0.0657425935947609,0.6142898198586564,0.041157546218833316,,,0.8216903837861147,0.0012077294685990338,0.5193747466474739,0.03720223146397114,,,0.603921371523443,0.044192910015609224,,,0.5996725979451919,0.04138855631573728,0.8562770362130763,0.14275699991142898,0.7293250778477804,0.015986345353705033,0.6771914704691764,0.023611336466454576,,,0.8217516378994978,0.00798756809856236,0.7960086299892125,0.0036290687929117636,0.7366227329052608,0.031210472735307963,0.7938568029418127,0.0120472686816802,,,,,,,0.832200647249191,0.0031415952402604483,,,,,0.8139284174213023,0.0011574074074074073,0.8461289626913954,0.002184314541293946,,,,,,,,,0.678591488442428,0.006204917740515283,0.8157072067577905,0.010910641534166047,0.5444012154601994,0.011513496170908313,0.8085267498722721,0.06285999597149591,0.6048439241917503,0.011771864239332606,0.6866681056191093,0.002681181867983305,,,,,0.8597210238711533,0.0030045018041968572,,,0.7354357456948122,0.05748913929192011
3,3.84093419005936,0.0422209903917221,0.6076838735464147,0.7578674131300016,0.49609163521822863,0.019917377285752935,0.7497459348997063,0.0768859672513319,,,0.7180414848816984,0.01934610899053494,0.5668915380587131,0.00043371898188467126,,,0.883265928518616,0.11240495821383203,0.37369152007131856,0.04456187180503905,,,0.5727572686474898,0.04561458687244928,0.5953544825751529,0.010916211134926496,0.46572485453551254,0.03308304013062461,,,0.24641966183128527,0.0001225940909648155,0.536140660161102,0.04545207677890578,,,0.582540481721447,0.03978563927091084,,,0.5813974935603043,0.04973936105292785,0.6384461918008147,0.08045456604792692,0.7721741020148397,0.018275744359633927,0.6447945518605037,0.02326487213858442,,,0.574249467543291,0.0025568376229434084,0.7561514357630863,0.002160203399211383,0.5607236522583778,0.016932992429257793,0.5467979935003464,0.0037516410383125814,,,,,,,0.8041970971618748,0.0024651373416641276,,,,,0.6053871742746257,0.00034588101022861557,0.4183607466272408,0.00023560071867566426,0.4011735353908705,0.0002261538118707651,,,,,,,0.3696514160727251,0.0034737596125177,0.6262766515474096,0.0025052229611238147,0.39067287929745886,0.008304416524394339,0.7927446321220329,0.03974302198886824,0.7430481961221996,0.023499816263775612,0.5299425606818603,0.009417070741595857,0.6870033265570135,0.0005008483271165562,,,0.5853280961182994,0.0005325905389011703,,,0.5885718340891473,0.045296281874748164,0.04375943091183445,0.6190480241203629,0.7644382369052747,0.507032826230386,0.018475875152854943,0.7390620305417304,0.06425489286912019,,,0.7186278948868877,0.01904517153081402,0.516605563942204,0.0006667247458000786,,,0.8893270541971903,0.08049908177625645,0.3819869617502479,0.05247779916493811,,,0.6412994727853271,0.05805522407521374,0.6982177787437513,0.013948095858501413,0.45454500920954655,0.02556266714487814,,,0.3801207416990082,0.0003477051460361613,0.5265223901587538,0.03893741518596608,,,0.55886597035543,0.03700262260673792,,,0.6450540820736781,0.0537268406891287,0.6199913484118156,0.06083651094098516,0.826013228087962,0.03267662253491191,0.6272280330630312,0.018729815851141078,,,0.5607269945791347,0.003162254340572949,0.8819848975188781,0.008223542297634175,0.5245147738040806,0.013647617605915995,0.5549291585550509,0.003783730515661504,,,,,,,0.9153182308522114,0.01905630656157784,,,,,0.8702026735661923,0.001658374792703151,0.4353029976277766,0.0005566968882040892,,,,,,,,,0.45899762367682,0.0037620737063738243,0.644999833715787,0.003972250769006891,0.3066386467119151,0.006651398785918868,0.7709260881200886,0.03768535174929764,0.6882051282051282,0.014611586145383285,0.573098784085186,0.002198450461924182,,,,,0.5292637331032499,0.000890165946298225,,,0.6149889669154456,0.04708197105629133
4,3.7077442711578503,0.13229859571322986,0.6137128319182859,0.7598957636871897,0.540616908013914,0.02160726401618069,0.8829963601022129,0.21342313010963423,,,0.8227385851798908,0.04508478584357247,0.6929735391060592,0.0007975502906129458,,,0.8677591703597126,0.13791096521352264,0.5385465038807772,0.06762476176709634,,,0.5663871760360586,0.04415497434260649,0.6653010552451893,0.015371177881241236,0.5355375543900422,0.040683366583531985,,,0.26609997228125293,0.00012588116817724068,0.5458497189737362,0.049153830950965545,,,0.6161721076701985,0.037854112458024156,,,0.5721059579656105,0.048626365769770495,0.7600014114979619,0.1286314652996144,0.7650299372992093,0.023036079164031484,0.6947099181541126,0.03280246169425766,,,0.7384943050282433,0.0058399978907076235,0.8239790414547696,0.0033137029698730013,0.6483454751497492,0.02150734069272514,0.6137976128900036,0.004858050796772996,,,,,,,0.738546467861435,0.002288255973126611,,,,,0.7083718351506191,0.000906514421620233,0.6504805026797265,0.020965889006716153,0.4270929587876548,0.0002352824647559633,,,,,,,0.40355075627172854,0.003539644367566119,0.8204907807795895,0.00736142138485648,0.4182361733931241,0.008833458015288294,0.8591334751654395,0.09808339956614295,0.7831139293095375,0.03221634833505291,0.7205700697918597,0.007083471754875069,0.6985769728331178,0.0004558118870259183,,,0.7287199630314233,0.0016855931750107893,,,0.6584254250803712,0.057150246028549886,0.1370985126104764,0.6299664635335535,0.7663117111092022,0.5638476396286133,0.020522182820330824,0.8703478726600566,0.14151693324929288,,,0.8486357766933307,0.0611483630390821,0.6766228164761698,0.00269512865551965,,,0.859607395427013,0.07211611397110168,0.5618508126050479,0.08543575742785975,,,0.6314903096458008,0.0448777887526914,0.7572266898500326,0.01802729294456187,0.5124671787435827,0.032327112751581295,,,0.5336351875808538,0.0004621072088724584,0.5256647832405408,0.04127582004288849,,,0.5825050991124787,0.03838177112604452,,,0.6284848262283227,0.047083225255830474,0.78293860462242,0.10824217368844904,0.7775243198879958,0.02656218929091626,0.6948982123503218,0.027317109786321826,,,0.8085736140210849,0.010368438079903147,0.7906148867313917,0.0024358980324926385,0.6156491660537144,0.017236162410927847,0.6576762924507895,0.006491760474206713,,,,,,,0.8606796116504855,0.003839219207608916,,,,,0.7354463130659767,0.0008143322475570033,0.8935734310976925,0.004482791106644894,,,,,,,,,0.499848779434003,0.005255314592479529,0.7959858990987396,0.012961058480290322,0.3219123619117939,0.0067699932179328395,0.8677924968980366,0.0986236459422937,0.7433835005574136,0.018590751084642445,0.731527448017843,0.0037767713666217177,,,,,0.9518981880931838,0.011409796893667862,,,0.7003959992699447,0.05604382949218763
5,3.6299520527444233,0.17562823355506282,0.6105412930324612,0.7443853771187061,0.5642159376503293,0.02326916771258787,0.878074692439788,0.14447932004904215,,,0.7843165977067673,0.02662883305503074,0.7189415642423682,0.0011848714740751963,,,0.8961208798134492,0.10240028502429632,0.48664494072115716,0.06417667763538362,,,0.6183544353324152,0.05755514714280558,0.6396437439035204,0.013457509449296332,0.5507845093196126,0.053604291579075716,,,0.285595491083803,0.000129315918789603,0.5369055222830389,0.04526783426300138,,,0.6183047954229198,0.043309477606497684,,,0.6318155755133773,0.06257444948305696,0.6976953529916504,0.0756057087358527,0.7876169952650572,0.018729984511516418,0.7041919150319502,0.028032259815073325,,,0.766508010000926,0.005159960417881061,0.8790157702779062,0.005160765532867244,0.6803375424963574,0.024534464570574212,0.6583119443332975,0.0056423323416352755,,,,,,,0.8902917365522524,0.0504229097107163,,,,,0.6824062095730918,0.000518004742610215,0.6653576048789502,0.0006688073704718132,0.5331269635926815,0.00031258440778952727,,,,,,,0.4148671237245619,0.00366638012278693,0.8119085086594111,0.007873370180885571,0.4433716367713004,0.010022392218922174,0.8243219641561178,0.046094910884084905,0.7280641453101291,0.019878100545530172,0.656976097832129,0.0072530491038824444,0.8254019589724635,0.000846458802100075,,,0.8933918669131238,0.003181566068589244,,,0.6776794947211627,0.05139474447258832,0.18128907092045699,0.6255958718858847,0.7590551504801988,0.579036823132309,0.021979662289217473,0.8763218311975023,0.11161277321948639,,,0.8109372641746743,0.037323309732996614,0.6884839335777442,0.0033609844531121247,,,0.8888941743570227,0.06928312642809749,0.5016607242065585,0.07682352593822186,,,0.6801945496398605,0.05751543782108879,0.7299728891888492,0.017028854339840596,0.5118826011417225,0.03429462966891098,,,0.34821043553255715,0.00033068783068783067,0.5107821319942532,0.03825282374997799,,,0.5914629994130751,0.039606505994725164,,,0.6854722753454107,0.0656019903750553,0.7100265727351378,0.06739305492428777,0.8058934994085982,0.02345785821160425,0.7195714341677439,0.02660397099290174,,,0.7619641491236822,0.006176362927801608,0.8306364617044228,0.0032206608114422417,0.6646257015817478,0.020616578584474007,0.7411313000216311,0.010441733189280884,,,,,,,0.9382416396979504,0.0113027557432944,,,,,0.8611470461405778,0.0015503875968992248,0.8827905973689886,0.002673778294316232,,,,,,,,,0.5130913804277382,0.003095220688685978,0.855731816821311,0.01143537009405763,0.3241653177330342,0.00697541194111853,0.8412129284967034,0.059715467649446075,0.6526142697881828,0.012977730944054326,0.6329232318871862,0.004339969995147453,,,,,0.9475841242450389,0.008002754670368711,,,0.7003954831011967,0.052001565470348336
6,3.4930501770109754,0.09654471544715447,0.6150133325936128,0.7537195733058975,0.5919835060417517,0.024373063588550625,0.8908545954149729,0.15184316525762342,,,0.8077222328138216,0.029885829752791044,0.627606813911222,0.0008270528197294245,,,0.8980023733873186,0.10023118282822151,0.5808639711518279,0.08168785065788986,,,0.6462348239717666,0.06037746486405924,0.6760962578700008,0.01682901735094454,0.5532003339386721,0.05154614775083516,,,0.3170100711447843,0.00013526308670363857,0.5487731177159683,0.05375189135711048,,,0.6437836398155836,0.04449269225967888,,,0.6592780087548256,0.06451036191697711,0.7309806228667132,0.09797357296774878,0.7731734393583687,0.018219652582523824,0.7101394250756538,0.029022361503646836,,,0.8072747476618205,0.006035145194162473,0.8739405147172137,0.004096999189647123,0.7138179267173925,0.026743526313716057,0.660224755287068,0.00585891332816874,,,,,,,0.8588465246503519,0.002784927054598827,,,,,0.659582332286084,0.00039883105467514895,0.6707632600258733,0.00144031360356652,0.45171872112363703,0.00024563936772911606,,,,,,,0.4444326322146649,0.004628017290283316,0.8423321564115788,0.008072448541074539,0.4590106502242153,0.010480006958335843,0.8361471783173225,0.04981843204348013,0.6994704728775785,0.021063223260213412,0.6988882712618121,0.005307627283444661,0.8494270929587876,0.0009006569900933774,,,0.8905036968576711,0.002638308119371789,,,0.6874878030127253,0.05242239877101494,0.09053675361069195,0.6272065102738106,0.7607487480948643,0.6010197837083218,0.023256034914617384,0.8809608953508118,0.11956495407212908,,,0.8438815381261424,0.06351673153226076,0.6577528574509381,0.0014594853296630054,,,0.8995211365870676,0.07242180783749884,0.6142239287748686,0.10234032355930517,,,0.6765708769584912,0.05472492645169574,0.7288175339457097,0.01660624183451142,0.5409726848767489,0.03376298723763954,,,0.41030616645105644,0.0003654970760233918,0.5312302660787509,0.05148894770121223,,,0.6095555260111484,0.046696903096346595,,,0.6863493964672217,0.061071116969093814,0.7359612532443456,0.07737778460675591,0.818850025345789,0.02851985040854487,0.7603648424543947,0.04487518559544121,,,0.8345638365093618,0.00966181000786306,0.8710895361380797,0.005999170290010027,0.7028076522937664,0.02333345086061325,0.708184620376379,0.019418902626223783,,,,,,,0.9153721682847896,0.0062055685482539065,,,,,0.9805950840879689,0.01098901098901099,0.9136295018330818,0.0036524388224775653,,,,,,,,,0.5203283646575935,0.002680474136332935,0.832884365958296,0.01382789080931104,0.33648557824288383,0.007180382618132718,0.849798068267523,0.07612983799673576,0.6203288740245263,0.011165019611486773,0.697819987049428,0.0035633469298107547,,,,,0.9758412424503882,0.02025667163281842,,,0.7220411000735383,0.05718908071602207
7,3.417892396670311,0.14052106430155212,0.6454823205011749,0.7819737536941067,0.6222597389607647,0.026046738630447958,0.8776785410360035,0.1534495891183259,,,0.8677493653014792,0.08530414592965124,0.7225148630748852,0.0016431918023593144,,,0.9108046766797787,0.12319890971705545,0.49030793277564605,0.0639504782626781,,,0.644450552460248,0.06746700774368736,0.5137813691584642,0.007606687957104325,0.49866707959662826,0.04265844361452755,,,0.2705349718192738,0.00012664640324214793,0.5240566978960502,0.04930558953354734,,,0.6391917471268624,0.04741356819077284,,,0.6541762555490116,0.06753953802732551,0.7075769545341444,0.10067741780907152,0.8082192954002648,0.02710842092794883,0.7465670102540084,0.03310196136530838,,,0.8170645430132419,0.005982067198321091,0.8558894539477064,0.0038880693439900618,0.7684296584102316,0.036232120304681634,0.7329445089638615,0.00780217387231523,,,,,,,0.8676554101348406,0.002795113005808224,,,,,0.8111716873036408,0.0007182492702858983,0.7017187211236371,0.0015119664507262753,0.672934762520791,0.0007040758294505815,,,,,,,0.3941932083699953,0.0034210777445519147,0.7847202937455645,0.0053476912922973355,0.4272110114598904,0.009805368833269573,0.8488182416285522,0.07089198586248095,0.6177053589975601,0.011937593265361982,0.6356957569019825,0.005128464818690933,0.853908704490852,0.0009258410253275465,,,0.8491219963031423,0.00432294924950506,,,0.6904000814981872,0.056060208972552275,0.1351584393188187,0.6544909901349177,0.7789095195283586,0.6298228167640394,0.02515266538828112,0.8627059084793145,0.12212056977847914,,,0.8882460465194278,0.11486117451088232,0.7546905326719862,0.0015318959690926157,,,0.9154377953255319,0.08381875986367461,0.5111549470101339,0.07882358150162669,,,0.7037157496101581,0.065837567462766,0.5763506789141948,0.00921207725937598,0.46342797612049486,0.032895528378378204,,,0.5360068995256576,0.00046446818392940084,0.5081927657685233,0.03727743356568951,,,0.6042375327105227,0.04329269351244626,,,0.7062534074955014,0.06778714565152712,0.7105750216289705,0.07922651791545399,0.8239795302580442,0.04033026521390092,0.7630335853540696,0.033120282761578405,,,0.8207955036748811,0.008279818943427237,0.865210355987055,0.00786082894790589,0.761213711574525,0.032106418929626526,0.7337226908933593,0.01776394237345123,,,,,,,0.8729773462783171,0.004432871808173236,,,,,0.851228978007762,0.001447178002894356,0.8397670907914601,0.0021895191909027806,,,,,,,,,0.43663858284726725,0.0020396575287621663,0.77912467990289,0.007347768624697218,0.29344749571654405,0.00672528204950981,0.8604481424713524,0.06439644433278162,0.5879654403567447,0.020984739558687085,0.5648967551622419,0.01154216693622182,,,,,0.9734685073339086,0.015527381610314191,,,0.7049428214609611,0.05862277952525148
8,3.3074366734456064,0.15844419807834442,0.6299641478212907,0.7677894439717511,0.5475505146324541,0.02176367008392629,0.8940417655088873,0.1623311857287749,,,0.8959094425620842,0.15698189387656344,0.6980870529525922,0.0009338243702086881,,,0.8804075647109278,0.0961869706256091,0.5232778092888661,0.07737431028396621,,,0.6858338403421185,0.0738388950694959,0.650861266294227,0.025330218289339346,0.5249562241241887,0.04877853156295176,,,0.047676245033724474,9.701202949165696e-05,0.5455236769520274,0.06166034832931908,,,0.6310038925690813,0.05250653577643439,,,0.6975283031729226,0.08249618670320431,0.768864698157019,0.09536161105276744,0.7868954597861728,0.019702514008308785,0.6571923054241117,0.026376088348628698,,,0.8535049541624226,0.008698539324859627,0.8652488827246109,0.004907337955170503,0.6651605417948302,0.025051032627932148,0.6946065562571364,0.006208525712218114,,,,,,,0.8688704288223563,0.003386035603472298,,,,,0.6012751801885049,0.0003846500947444178,0.642071705784513,0.0007027356634773779,0.4843374607281464,0.00026336138476794964,,,,,,,0.5031429327554892,0.005965608443709818,0.7438101409220542,0.0059808727260903406,0.468131851021425,0.011791213113616578,0.8674693142997963,0.09704649687212873,0.69899868674457,0.022317304892110167,0.749830152553888,0.011154396403452796,0.7686194788394012,0.0005821146552138879,,,0.7482208872458411,0.006983851786585543,,,0.6754204049750813,0.06002828234455428,0.1504634619530071,0.6391989506679492,0.7665310386645826,0.5691927788030331,0.021661306724316747,0.8935889145798227,0.1314954180293451,,,0.9129815029095604,0.18343861305640566,0.7564157860685788,0.002612227483393846,,,0.8885263057749024,0.07002871611092705,0.5645871572536691,0.11036045713526205,,,0.7287220613351155,0.07567905229342525,0.7327354465276426,0.038945159391790454,0.5071978158351949,0.036379423254720815,,,0.671841310909875,0.0006565988181221273,0.5387632811875236,0.0493341312586624,,,0.5724106398778159,0.050617884451285976,,,0.722438481464637,0.07979535331609175,0.7745303423557038,0.08449666057841623,0.790323943321988,0.02383531433806733,0.713649599770178,0.038792660234623536,,,0.8350959459908877,0.012254712834245271,0.8439590075512405,0.006447128369443967,0.652085031376525,0.03448023259648045,0.7513113778931431,0.010823204609974189,,,,,,,0.8782632146709817,0.005381960362419757,,,,,0.9260457093574817,0.0029069767441860465,0.8536769463014879,0.0023361976369495165,,,,,,,,,0.4371894577662562,0.002055954392671499,0.745817952043633,0.0065874200022862095,0.3419996402843647,0.0076081292474464955,0.8772838965525631,0.1200964031784933,0.6580434782608695,0.018181850241906078,0.672566371681416,0.005546762512028109,,,,,0.9851883807880357,0.032702915681639085,,,0.7237300235213572,0.0655506407596648
9,3.1840894083049855,0.15216186252771619,0.6322531753703111,0.7536048223273859,0.6217491152894182,0.026315391782290625,0.8647638878944347,0.17064973447887385,,,0.8790616840839179,0.14680249051527383,0.6856729199396235,0.0007356211128571466,,,0.8931024583927065,0.11423567887488045,0.609733811227486,0.13150385571819123,,,0.6739007527857769,0.07046321126833965,0.7222975968786025,0.03029233122380181,0.5517230493495086,0.05636400047732967,,,0.08777603252333,0.00010127607859023699,0.549045694574527,0.0648902302505566,,,0.6361964771751314,0.06347809318265026,,,0.6854813962906504,0.07817659782540447,0.8091127535814671,0.1467182826607777,0.7728030368721758,0.022469844081110926,0.7659367486717651,0.042771210727252595,,,0.8914343920733401,0.012096221411180151,0.7616376431910412,0.0021424424974380617,0.7435208569424208,0.03995548243172743,0.7076936965071681,0.006693324213957233,,,,,,,0.74157080785536,0.0013546513007369342,,,,,0.6826834226575494,0.0010738536825493348,0.6130105340972094,0.0005868636035502652,0.6684993531694696,0.00043562390365634604,,,,,,,0.48657891939208736,0.00642147158026287,0.8874034108691149,0.011534144269624177,0.5472837257100149,0.021020836157323686,0.8755632400120279,0.13966500903273688,0.7152401004129889,0.02272121587904667,0.7652584769316287,0.010242487410580965,0.9569857697283312,0.0034921951363999885,,,0.7104436229205175,0.0017268867383678794,,,0.7028914716173061,0.06668895096468805,0.14917007975856866,0.6489850882645605,0.7633327306257391,0.6416079402568344,0.02855544834045846,0.8558167104283418,0.14779441037984598,,,0.9013222988043131,0.2207547582463304,0.7335561785637266,0.00469777241096715,,,0.8881425807883805,0.07820532532402018,0.6291897860011112,0.1607402389945877,,,0.7197549565604812,0.06974749840637062,0.7597261464898935,0.04467362208477514,0.526702786377709,0.0497063226801408,,,0.963777490297542,0.005917159763313609,0.5286278013550741,0.05135497929385972,,,0.582795318868824,0.045264059281845466,,,0.7259130675510382,0.07240883683976693,0.8272509578544062,0.1310936426513019,0.8018743814420547,0.05105221036988852,0.7776374035335135,0.045945519376220365,,,0.9094582460341215,0.02170319642853502,0.8049083063646171,0.002913698095774104,0.740522434049659,0.025957183785343958,0.7435783041315164,0.01582762003318295,,,,,,,0.8028586839266452,0.0029429681890425384,,,,,0.9700301854247521,0.007142857142857143,0.8291999137373302,0.0018522433198201117,,,,,,,,,0.4906459278461871,0.0022674871129241348,0.8688848980677775,0.01797453230676741,0.3901920692168612,0.008801155126748821,0.8885574045690096,0.16206739884828444,0.6469732441471572,0.024927229229248758,0.6932513130441039,0.006399168733742558,,,,,0.9633304572907679,0.013089524771767762,,,0.7501636219770423,0.07371325155462811
10,3.0304040796036027,0.1984478935698448,0.6110690527046261,0.7501432929944406,0.5366359088505985,0.021276866932791044,0.9345461630829148,0.30605984801408365,,,0.8948457842694876,0.12169225716774869,0.705418476419308,0.0009711046778130463,,,0.9188359949396431,0.12666331813731269,0.7310610169971203,0.1514211581284858,,,0.6864925034430951,0.08702974809034236,0.6317061275161835,0.015170172365954762,0.6260529771628071,0.10852720607999289,,,0.191444146724568,0.00011425959780621572,0.5602018930486695,0.07714142977051171,,,0.6932401329142139,0.08945634076999658,,,0.6962086402424312,0.08797642073791787,0.7982461719394206,0.14961280332711516,0.8022371881955084,0.02716756916080927,0.8265567070201867,0.06205592171715866,,,0.8222761366793221,0.0066564694825635064,0.8457903118097293,0.004108160113527538,0.662135340780314,0.023029908292295696,0.6798261879434354,0.0057581817736668955,,,,,,,0.9229783805913971,0.004839430346674926,,,,,0.6641101459988912,0.000463826078039276,0.6164756976529292,0.0005260193163883839,0.7317963407872852,0.0005782576713626698,,,,,,,0.43384233990721616,0.003529471149781754,0.9152528177798936,0.022520809220984338,0.5246045092177379,0.014170649074348281,0.8474464568727151,0.07572083151271822,0.6929825333507025,0.025855410987935257,0.8646192329071707,0.0229172509978714,0.9922380336351876,0.017158294392523366,,,0.8299445471349354,0.003441634714947501,,,0.7239732696521105,0.07314407038775483,0.20262987712869152,0.6238486103653491,0.757277893041273,0.586875245025387,0.02215088073365528,0.9081870256430353,0.24469980574922748,,,0.913291744226996,0.18322137335312036,0.8070951045934871,0.003002179315389204,,,0.9114102686074906,0.08626501889164907,0.7465639218830215,0.18683919101060323,,,0.7371203683077151,0.09375221612571602,0.6470704309131882,0.025183316806140447,0.6141542892973312,0.09249377447545688,,,0.9833980163863735,0.01282051282051282,0.555329434117313,0.050353695925661864,,,0.6594279265987216,0.09618705618157312,,,0.7320274916030837,0.09162502830719718,0.8097160425163763,0.13842867218101085,0.8265744562724793,0.04631690766414521,0.8072335174521095,0.05368731540640481,,,0.8592570421364196,0.012530534253979174,0.8442826321467098,0.004829145940637829,0.6808540246108582,0.036731855904652805,0.7074680943110534,0.007936052836447358,,,,,,,0.8740560949298812,0.014798210237295065,,,,,0.890038809831824,0.0019569471624266144,0.8206814750916541,0.0019407483643313975,,,,,,,,,0.38835601641823286,0.0018364096992349497,0.8890219162592704,0.020606618044304054,0.40039663381894947,0.008638990863545847,0.8573096854244215,0.10842294629974454,0.6350613154960981,0.014671098509817211,0.8732642636160874,0.018291445521311636,,,,,0.9484469370146679,0.01262012144422888,,,0.759284478545664,0.07903599880873205
11,2.937520592105186,0.21627864005912786,0.6291518665094659,0.7738522757001702,0.5488297529478445,0.02181019915219831,0.8834577737817024,0.20489581782117164,,,0.926914897767348,0.19411079460662817,0.641807596340449,0.0009854282944184627,,,0.9100654910406166,0.11988320166432732,0.6900799621709711,0.13767537067352525,,,0.6781831022286215,0.06966619582076725,0.7037243947858473,0.025237631335576452,0.6398237996515443,0.09247689998235745,,,0.6634944100526656,0.0002744990392533626,0.5612355130889403,0.09116435018715915,,,0.7162800684226194,0.12783204881917049,,,0.687861624791643,0.07425437716142083,0.8086254241467691,0.17158214215179635,0.8034859584271383,0.025704979868399692,0.8767440318981101,0.08158638789059548,,,0.8538901750162052,0.007706076593761204,0.813962089690245,0.0038436939842484415,0.7132631806162647,0.027320051884744727,0.6565455219729279,0.006293906516568873,,,,,,,0.8697684861131287,0.0027444141739689735,,,,,0.6858713731288117,0.000519176184688641,0.5297080022177048,0.0003322929421441446,0.6103308076141194,0.0003517162629424358,,,,,,,0.4371537854300921,0.005349492719793287,0.9114443518775648,0.012379793518662743,0.5226519681116093,0.014970405832934361,0.870240014288718,0.09580236379757728,0.7258438458315584,0.021643951724173972,0.8349515162744735,0.014849561142879879,0.9754204398447608,0.009104271658267339,,,0.7706330868761553,0.004746327334149088,,,0.7318619488774739,0.07396818474061943,0.21427031687863765,0.6365179421340347,0.7656249261727948,0.599566364827263,0.023466393853376157,0.8744725738396624,0.1581176285466429,,,0.9413350438530295,0.23649016780258578,0.6207677377614838,0.0008485175687227245,,,0.904991596105667,0.08413738677006383,0.7181431394473863,0.17524974692120904,,,0.7131447241404916,0.06894206094651051,0.7005284892300301,0.022190148850693606,0.6387522697286776,0.06727215035434148,,,0.9879258300991807,0.017543859649122806,0.5599028780846963,0.061371883267626395,,,0.6757515718885686,0.10913646306049603,,,0.7074455012584782,0.06970956597116404,0.8343777036213075,0.17198238812264255,0.8208052719241075,0.045453011594108736,0.8652374609890181,0.08008589350215557,,,0.8854301772589711,0.01606307689796169,0.8078209277238404,0.005566259837792674,0.7290867343895991,0.025558400126156084,0.6662881245944192,0.006454621675161511,,,,,,,0.862621359223301,0.010782113375223328,,,,,0.8624407072013799,0.001564945226917058,0.8394436057795989,0.001954387821077999,,,,,,,,,0.46033700583279324,0.002211488627847862,0.906348731251455,0.01967288544803457,0.3881663022179308,0.009103737966925022,0.8827974843685376,0.09720009280926246,0.6744370122630992,0.023495757677233532,0.8044463630477012,0.016170694830262358,,,,,0.9733247052056371,0.02062377559334963,,,0.75944049481585,0.0778724009957246
12,2.836001978921432,0.18089430894308944,0.6200940898426311,0.76223486762045,0.45768134383925496,0.01835493144024878,0.8327217538180192,0.13627415948769303,,,0.9099173438133734,0.11784124346835176,0.5466531127745433,0.00041938692527139146,,,0.8273873755470397,0.06341732731723124,0.6574712921537783,0.13832387630454773,,,0.6735999710467008,0.07284525348281432,0.7115899618692915,0.05302188527869479,0.6693441441715465,0.16350847969982266,,,0.2824540330777049,0.00012874983906270118,0.5761728204114717,0.08721850367361655,,,0.7278870955566601,0.07544957112888734,,,0.682673309245259,0.08129320152370892,0.7310906694963575,0.08495823793545097,0.7911829220902262,0.021235746017289683,0.8368682263182803,0.06892154889991449,,,0.622020557459024,0.002970299856277804,0.7575178507217342,0.0019096298276926374,0.6601791592466677,0.023485596982243062,0.6827710384806815,0.006175094274313976,,,,,,,0.7476062811183455,0.0013739351242729216,,,,,0.6558399556459065,0.00039134256215511026,0.6102846054333765,0.00042935133159343437,0.7386804657179818,0.00051539886655183,,,,,,,0.4325575714256632,0.00495031895513113,0.9124714034461326,0.03203327511305751,0.48232981439960143,0.015113193272494125,0.8713817552062255,0.09745249103707754,0.7738454442711432,0.02951697103093047,0.8416033598912976,0.046398495614537724,0.9884956569950102,0.024405286343612335,,,0.7682763401109057,0.0025713835669503343,,,0.6994136583224799,0.06773148587278631,0.1668463030825609,0.6305889961218534,0.7580543908982131,0.535396008835257,0.020717636889132585,0.827170775038863,0.11119649570651774,,,0.9288708893025439,0.12576969040643293,0.6896700452879017,0.008291369540482386,,,0.822252877937399,0.040445601285953425,0.6835179363840307,0.17231694924537755,,,0.7326813692730378,0.08638464264030143,0.6887175556801153,0.02718105378265554,0.6681934266044859,0.1318059919560784,,,0.9066407934454506,0.002304147465437788,0.5581945581945582,0.04905712740782126,,,0.6829016787348364,0.0847171962613808,,,0.7229243585433857,0.09369274005401616,0.748509145964652,0.07700846235936903,0.8361334395442586,0.047215185347327146,0.8338523915853803,0.06325555906203986,,,0.7099171904619376,0.006095977177314506,0.7923408845738943,0.00565824401188759,0.6975064442809905,0.024356623751480337,0.7538665368808133,0.02053467232973055,,,,,,,0.8202804746494067,0.006465138432512538,,,,,0.821259163432514,0.0012048192771084338,0.8730860470131551,0.0024703748596547133,,,,,,,,,0.3364873622812703,0.0020515625448753374,0.9102896670990057,0.0639726660316952,0.3554085139011161,0.008742019745825806,0.886674938568961,0.09874074167164605,0.6920958751393534,0.016514207328774823,0.8643067846607669,0.039813245570014755,,,,,0.9588725913143514,0.016423507940217453,,,0.7409228619592112,0.07136961422520244
13,2.7459163974147325,0.1681448632668145,0.6490519253141808,0.7848916194265431,0.453864466625494,0.018370651503010434,0.908323170338061,0.23412157155677904,,,0.9227651582348131,0.1264558715503184,0.6909712595878383,0.002294080224377282,,,0.8955686522265108,0.10715880041204172,0.5578099904955744,0.08227541546096209,,,0.6581198598112559,0.08772302530793533,0.6209231178504921,0.02850232205239047,0.6331149551388005,0.10884547669430683,,,0.23108195509562968,0.00012014898474107894,0.5594172201743155,0.09724000190456102,,,0.7192974147815077,0.11260812559519558,,,0.662661251842398,0.09294184507129706,0.7059615425385317,0.1060341653112793,0.8456502865266631,0.0382733054727284,0.7670574812248665,0.056293746615305805,,,0.618916566348736,0.002980406032178696,0.7863563980068835,0.0034917576104896253,0.6354627381145108,0.02298917924937352,0.6881971756760714,0.01349447521757688,,,,,,,0.9023890965279521,0.004319849408030158,,,,,0.5745241175383478,0.0003182169651785973,0.8312696359268158,0.0008355344913096054,0.698345961929403,0.0008509886054861779,,,,,,,0.3576881405464338,0.003318216614242706,0.8491909213930875,0.008334458258001772,0.45555438776781265,0.0103484880984359,0.8600282156963376,0.09303987090794046,0.7303592616194938,0.03545894322580919,0.772163547649929,0.013408441395037551,0.9581870264276474,0.0032631802721088433,,,0.7967883548983363,0.004326760229120908,,,0.6968806440568099,0.0698463315067907,0.1668463030825609,0.6604593566409425,0.7798848395833204,0.5078671077920464,0.018837669131857217,0.8836755888231375,0.16732563335136935,,,0.9382368231289094,0.18083284860076265,0.6953849471641148,0.0015049053510591973,,,0.8821234896774807,0.06843265728776031,0.5771907986807036,0.10217256521894152,,,0.7094393703126161,0.08962121710037527,0.6262540180052392,0.016825537277848523,0.6088930908805894,0.0763655294272252,,,0.8393704182837429,0.0013404825737265416,0.5379180833726288,0.05766070452467859,,,0.6534500481537807,0.08238118427878398,,,0.6926643860575877,0.09319343129951274,0.707020145841058,0.08723838376505334,0.8513831559128104,0.052373882639325124,0.7624019012548805,0.06449836379836199,,,0.6884997838305231,0.0052972823459707784,0.6866774541531824,0.005708963071566865,0.6514720792000477,0.022084680050395426,0.7347907203114861,0.012717085362684987,,,,,,,0.8552858683926645,0.007893721971837806,,,,,0.8303147908581285,0.0012690355329949238,0.8437567392710804,0.002031839128613322,,,,,,,,,0.346899978397062,0.0016835640653147226,0.8599554358309222,0.012770429706728032,0.3251876674334289,0.00748407550571233,0.8783847894314284,0.09719896451238676,0.6605016722408026,0.030003820000777552,0.7263472192244047,0.009442452867496617,,,,,0.9601668104687949,0.010852769613486657,,,0.7155475399685878,0.06990091996599772
14,2.6832114147065043,0.16056910569105692,0.6294058708469458,0.7751616069694129,0.42288967353425405,0.017480302766769568,0.8517702392284967,0.13714175379790164,,,0.8969392404522866,0.08685016850562809,0.6103564057542432,0.000687062501901379,,,0.8163410944943256,0.06126268764184976,0.6085927789949837,0.09038940336519394,,,0.7112011119631901,0.09535926856930556,0.6826095149419172,0.034968308961873584,0.6064148393018073,0.11369017205005894,,,0.19116695925344174,0.0001142204454597373,0.56955817725802,0.1323228174487083,,,0.718514592505131,0.10722639626440131,,,0.7214511150385203,0.10537669353017845,0.7958301672262447,0.1239344063398794,0.7823928214713544,0.02021276335278989,0.704812351013728,0.034407963545057554,,,0.6113566070932495,0.002839352043208818,0.7606410849129295,0.001891005065600572,0.5332475311639955,0.01587489598217797,0.6254037885367972,0.013784179635597124,,,,,,,0.8278767548435664,0.0025069249528579867,,,,,0.5143226760303087,0.00028184108439199807,0.6295509148031787,0.00037486431324056866,0.5185270744779154,0.0002827996697855029,,,,,,,0.4820969321628671,0.006335910517836908,0.8848027223478487,0.010451067340957214,0.42396222595914296,0.009736155062006391,0.8382175728622879,0.06579927484158583,0.7943109281864049,0.04256985165712453,0.7836143536532643,0.016676067028711432,0.9695989650711513,0.004411572072830704,,,0.705753234750462,0.0021082867841797637,,,0.6734403127313412,0.06462151648813524,0.15111015305022635,0.6369422311335591,0.7631992715782676,0.4860921199835534,0.017526983276379703,0.8294486682081227,0.11535009905366116,,,0.9117992319431169,0.16404962371303675,0.6610955359068363,0.0012464844460128538,,,0.7748707703041258,0.03655860970622382,0.6403348875152077,0.1231356886730421,,,0.7160466325090963,0.08976069941371298,0.6367151305780209,0.016089681638102277,0.601234797716555,0.10869799391727156,,,0.9465286761535144,0.004016064257028112,0.5581504369383157,0.06641640373037286,,,0.6618891198396819,0.07266813505320224,,,0.7069970536639933,0.09719492758829168,0.7946823631195156,0.09984258619544294,0.8016028194172882,0.039681989315976086,0.733024509995952,0.040629593413032225,,,0.6877681332934251,0.005544164104497978,0.790453074433657,0.04343773112863637,0.5397226142907315,0.014143186646686949,0.6525254163962795,0.006284044026705366,,,,,,,0.8220064724919094,0.016807677757928265,,,,,0.8285899094437257,0.001256281407035176,0.7951261591546258,0.001543944399057531,,,,,,,,,0.35011881615899765,0.00183771352483635,0.8481326282882704,0.011467924011358321,0.29233995020778314,0.007146971568565381,0.8585109359414155,0.0994799311180007,0.6779654403567447,0.023287402346028396,0.7484351392186488,0.007366130772736621,,,,,0.907966637906241,0.007239001975844081,,,0.7063585907260937,0.06783570773409595
15,2.564410500762556,0.17590539541759054,0.6450031433012817,0.7832027268748286,0.45860951597718247,0.0183447758974135,0.8568631616755502,0.12469150163736856,,,0.8842327564060568,0.08650949475218071,0.6213535409543173,0.0011155292567142229,,,0.827442905739324,0.058502885112469406,0.6908613356194269,0.10095736598583596,,,0.700555639241893,0.10867981140529219,0.691066994768112,0.023937883696850636,0.613335794322167,0.1335073738391176,,,0.1802642520558071,0.00011270145384875464,0.5377492693889983,0.08437712658898777,,,0.7292125701638069,0.10552346216113345,,,0.7027774718088627,0.10845257262418308,0.6965234749406111,0.06950806402661515,0.7830886642922369,0.020025483793969644,0.6527551890234007,0.02466824247305025,,,0.6245652375219928,0.00293740470998858,0.8458314069964554,0.002961899921570546,0.533606389293616,0.01600117586475295,0.6699791152273414,0.009164385051161386,,,,,,,0.8681308522299556,0.0027056636927796163,,,,,0.5581685455553502,0.0003048784927906863,0.5844113842173351,0.0003459780240269609,0.6205414895583071,0.0003590946139148328,,,,,,,0.43810379029321217,0.007017735311138445,0.7949290981781957,0.006017871802718154,0.5409223966118585,0.012955419022289647,0.8201588489442853,0.05888734827363129,0.8143873645815363,0.050199601293021395,0.809279846828485,0.01707267692699831,0.9398447606727037,0.0022337009632835405,,,0.6614140480591497,0.0006521543029326369,,,0.6786657652863276,0.061876787571116934,0.1603793921103686,0.6575881960933045,0.7770128726776365,0.5031434964286056,0.0180809168356722,0.8521720813575264,0.12802173949524234,,,0.9102019084033472,0.10202636827283414,0.7050894975199482,0.0015504577426074739,,,0.8251450861002759,0.041202501395711064,0.6879230926109552,0.1190794526574953,,,0.7292136333259078,0.1096345972269363,0.639197428476647,0.014646509095924066,0.6197943201264516,0.10685699378835434,,,0.9351013367830961,0.0033112582781456954,0.5254524496948739,0.052520388273494596,,,0.6670547072347408,0.0692723016058431,,,0.7068113186760414,0.09979776971923297,0.6761865035224323,0.05234850841929137,0.8008846887295725,0.02727223239936849,0.659693657695773,0.029282436017480915,,,0.6692440719678074,0.004850004870701694,0.8415857605177992,0.012684311126400503,0.5568554559370216,0.015149548373055753,0.6871890547263682,0.007917325263882148,,,,,,,0.8849514563106796,0.03902757282792309,,,,,0.3294523501509271,0.0003214400514304082,0.7210480914384301,0.0011422806560791462,,,,,,,,,0.38319291423633617,0.0019491000173766306,0.781319631514184,0.007973327293129657,0.40852810041745946,0.008561572277264869,0.8436519232172834,0.06325568621955376,0.6835841694537347,0.01568354091719785,0.7790848262464926,0.005512192775586564,,,,,0.5939027897612884,0.0010550591638047921,,,0.6859433547959778,0.06248387953982767
16,2.4647792102844734,0.08601256467110126,0.6524406293836295,0.7901232624133087,0.4103735391757307,0.01726585102975269,0.8475365251594289,0.21942476589589338,,,0.9149654881529077,0.13278830702043998,0.6030557865878077,0.0009344361872928066,,,0.8689598906766153,0.10306514197082542,0.5487288273001063,0.07445205892778875,,,0.7020505000313008,0.09022117584103981,0.6216380686352754,0.018505434465003627,0.6290755230926242,0.10170009428095518,,,0.3281899658135452,0.0001375137513751375,0.5304843323203594,0.0599922144770321,,,0.6971401794883116,0.09058946567146882,,,0.7226712430705903,0.1013283158793174,0.7185821754028906,0.10183942002088735,0.8240845117163873,0.02792097613050423,0.760661824374215,0.0629172961365605,,,0.7171404759699972,0.004328424804982714,0.7645245800585606,0.002343401966434138,0.5726738977928876,0.019323561604460457,0.6843325168102902,0.011074472912059416,,,,,,,0.9074340654261149,0.005310274295287184,,,,,0.6371742746257623,0.000373076185866542,0.6080206985769728,0.0003507316128675352,0.6619386435039734,0.0003998103666245259,,,,,,,0.4323958444072987,0.003958105361233198,0.8786977162428425,0.009660559002827113,0.45563379733432985,0.010057324919108854,0.8515943111910957,0.06945101927028999,0.7623914275755475,0.033788153815225486,0.776900747328763,0.015065812129492552,0.9463592681574571,0.002503822105041517,,,0.7472735674676525,0.0025961497683913244,,,0.6904583285712507,0.06617546758241329,0.07652511317094202,0.6531201943305861,0.7783673701483984,0.4865582658417877,0.017554814124171928,0.8239996864835208,0.16387899463497055,,,0.9189138199929567,0.19656250412607149,0.6778089281863273,0.001509307763608786,,,0.8584181650968826,0.08199532194068515,0.5845256932284084,0.10609529001372772,,,0.7063978614390733,0.07524711528107528,0.5500348894405107,0.01374278610273531,0.6413975650220115,0.0942721591485191,,,0.9402759810263045,0.0035971223021582736,0.54030752515601,0.06745448583757413,,,0.6192106022627412,0.06156669600598771,,,0.701309890705906,0.08192601568346605,0.7179350512915585,0.09029182984426692,0.8278357110097279,0.03232410791296892,0.7776831067758321,0.06168875349511281,,,0.7636935049386411,0.012401646773056049,0.7456850053937433,0.022277105065087236,0.5939804783014929,0.018242018636319392,0.6752244213714038,0.0073144668782575235,,,,,,,0.7524271844660194,0.024280971745115967,,,,,0.8005605864596809,0.0010799136069114472,0.8418158291999137,0.0019824582482278023,,,,,,,,,0.36701231367465975,0.0022900889470902188,0.8587415610761915,0.010550469467480297,0.33322447202264316,0.007141571171836906,0.8688873074958032,0.09336392461658928,0.6550780379041249,0.019263954737657206,0.7967119936686092,0.009838816320284998,,,,,0.9833908541846419,0.03986928104575163,,,0.7116827899176681,0.07090230198790852
17,2.375752254846972,0.22570214338507022,0.646270712876516,0.7949897954393323,0.5146530934308354,0.020413479750619898,0.8588965041252565,0.1850309337755995,,,0.9225700928731949,0.2013524453452494,0.5440039429504359,0.0008594705133831394,,,0.9340576084433562,0.1951519894755675,0.644390472697771,0.11784091962877928,,,0.7048176920308001,0.0923699457807235,0.6861122195619401,0.01961127975606175,0.7085196069146413,0.23655821359057227,,,0.4537558902337614,0.00016911889058007779,0.5814112129813416,0.1063611271886099,,,0.754653849057195,0.1130500746845613,,,0.717228429525636,0.09627483059288895,0.7281467478082728,0.08966765241052906,0.8310397283429627,0.030251315486046565,0.9016357967679819,0.17868595001253013,,,0.7425168997129363,0.0062390229637019415,0.8097395592541223,0.0027637247106863374,0.6841141870379364,0.025957671538438972,0.7201782037143666,0.009282985911802013,,,,,,,0.9188842958834639,0.004884493619004971,,,,,0.6771391609683977,0.0004185636733657056,0.6929403067824802,0.0005158539706314842,0.6713176861947884,0.00047114314596624163,,,,,,,0.45165493109071864,0.0038000665524758285,0.9093417613273208,0.014957470971628181,0.45217831340308917,0.010079107287910163,0.8863883004338615,0.1103724120162225,0.7672888492995384,0.023264387256899097,0.8578901859057502,0.053100852174668665,0.9981981149510256,0.08585858585858586,,,0.8838262476894639,0.008604997275724273,,,0.7350230486142775,0.08603666306816202,0.2056477689157146,0.6512107900945843,0.7820701732902295,0.5840006788996089,0.02324690619193073,0.8474236130161592,0.17626590694529415,,,0.9174632322114336,0.13579052269762468,0.6701531162389476,0.00196121273259983,,,0.9219420924111248,0.10949664216263871,0.6634535187099587,0.15289043734118563,,,0.7359931684859286,0.08803178894783893,0.7240302451412165,0.028972515150931133,0.6924754412091287,0.15602311431854604,,,0.9659335920655455,0.006289308176100629,0.554491130248706,0.06511229135049691,,,0.6798357258898722,0.0950466081815057,,,0.7337873835801796,0.09022629521421979,0.7195649487084415,0.06762058175176838,0.8170335771356845,0.024475332287760988,0.8551337799193012,0.11673167182214327,,,0.8162725730819116,0.011533970389777281,0.7820927723840345,0.003022368079704994,0.7147718161276,0.039791395345477584,0.7323031581224313,0.008697370617370161,,,,,,,0.8208198489751888,0.038309912653231956,,,,,0.7662785683484261,0.0009216589861751152,0.8497951261591545,0.002095626518569941,,,,,,,,,0.503154028947937,0.0036531793807912678,0.8929961089494164,0.02173945271444179,0.35544164560436964,0.007768771477966557,0.8911423740359584,0.09298024924805148,0.6681270903010034,0.02437258367123117,0.851679976976761,0.06301588651980866,,,,,0.9662064998561979,0.01216931216931217,,,0.7530647619947165,0.07904267891402339
18,2.275328322683364,0.0992239467849224,0.6346083907906637,0.7895217131089498,0.40119521264012875,0.016894081183177645,0.8627870043559047,0.21994173473343823,,,0.9055810040198187,0.11185736768511668,0.6087545821396667,0.001654395305179628,,,0.8079300957501918,0.08783697392825003,0.5579758904797731,0.06558444335025014,,,0.6723259280706148,0.0889745409782425,0.6118216280925779,0.011652324731083675,0.628602566203019,0.07247419120762494,,,0.2761711170655087,0.00012763241863433312,0.5672637102340915,0.07496073285289717,,,0.7292113239150158,0.10437412222963464,,,0.6858664453941407,0.08784807348938652,0.7585242203007997,0.10508401746120513,0.8110829562400508,0.027490447650875466,0.7028862213986568,0.05675182455267459,,,0.516899712936383,0.0022531370840509313,0.7410078594544615,0.0027818103173405644,0.5636660191031245,0.017599354402098533,0.5840270526120606,0.004459282960603078,,,,,,,0.8200583737239002,0.002017725634246754,,,,,0.4481149510256884,0.00024711577615170417,0.7773516909998152,0.0006068102487066845,0.7215856588430974,0.00048467441848001815,,,,,,,0.43236983236938004,0.0035341734651982634,0.7634783988574602,0.004132998643791833,0.36527544220229197,0.007896231548250568,0.837934398506015,0.07234457987271532,0.767118971083735,0.030688430559944704,0.7720214934222717,0.007550009420466067,0.9232581777859915,0.0017945902207837246,,,0.797550831792976,0.006117383825123532,,,0.6683123382366446,0.06325869470498707,0.08536322483293814,0.6384748584389319,0.7739699201429934,0.47146231150973883,0.017132490550571942,0.8256293190160807,0.13992867399584866,,,0.9188802803910717,0.15863511954329804,0.5998490403277982,0.0008221421287478621,,,0.7766657152824025,0.05912486599606813,0.5810776598662419,0.08524859388846767,,,0.6584421177693621,0.07017009106445041,0.6042736704835333,0.011351235264726126,0.6214141552690364,0.05127635662697823,,,0.9441569642087106,0.0038461538461538464,0.5630603054845479,0.05863347250863206,,,0.645108256833135,0.07969712417904931,,,0.6632998963273908,0.06893986289431371,0.757159189222593,0.09295692029207915,0.7912231153595481,0.023194372650144093,0.6991682009898016,0.04105764754251452,,,0.5960790182580067,0.0040425472495903125,0.6076591154261057,0.0018777093420391136,0.5431220139289241,0.01510102593903836,0.5944327276660177,0.004215051117545517,,,,,,,0.7395361380798273,0.002655591223913956,,,,,0.6750754635618801,0.000663129973474801,0.8029976277765797,0.0016035945010869231,,,,,,,,,0.4165262475696695,0.0019216278485302415,0.6714223951578038,0.004200787820695576,0.3071687539639716,0.006693720748654447,0.8473438678441964,0.0811446678568449,0.6824303232998885,0.021952788309347257,0.8527232174976617,0.009119257431404387,,,,,0.835993672706356,0.004610816541891696,,,0.6752211496618328,0.06115443093609982
19,2.1994906804866465,0.18837767923133777,0.6454788913755691,0.785348195233099,0.4280756889946608,0.01740320650442643,0.9061976860062892,0.2385699112972237,,,0.8789056317946233,0.12988002880764118,0.6396512953208269,0.0014498335017883576,,,0.8822206543109106,0.09953795961863697,0.6552248987648963,0.1134123985757119,,,0.7103383819018404,0.08566682342460767,0.6451028642369423,0.01635947880274944,0.6611971881128709,0.18514613399585672,,,0.24808278665804306,0.00012286521685710776,0.5739886252865398,0.12062362810738317,,,0.7538277641442116,0.12891304603838147,,,0.7222490452787084,0.0923188259588277,0.7734350504512888,0.12598418015185736,0.7864458382711411,0.021832374554473045,0.7110522896427156,0.05058475928452465,,,0.6406556162607648,0.0031836118455807532,0.8453999075358298,0.0039941250437952455,0.5726226323457989,0.019729424687223114,0.672618989528336,0.008441540068428677,,,,,,,0.8975554352276179,0.003674180882404031,,,,,0.4309277397893181,0.00024150560249483266,0.8327943078913325,0.0009819977452727188,0.7253280354832747,0.0004904294741193492,,,,,,,0.5672252846056235,0.0044636270804497835,0.8869053128980927,0.010617902161034122,0.49899881664175383,0.01143942895069892,0.8330808691700561,0.08388112961296308,0.7933708767124252,0.03660948309868664,0.8759681304428386,0.027299967179269084,0.9842912585474034,0.008884948778565799,,,0.8025415896487985,0.0021289787885606084,,,0.7115684661600407,0.07391563424465432,0.16469066609183014,0.6565829735002993,0.7752848104053764,0.4983589275298572,0.01972992525647932,0.8838111193844628,0.17685214103889188,,,0.9018337777330583,0.18454532475841068,0.6986197972827259,0.0014387986729526802,,,0.8501855199315003,0.0782106604767397,0.6678467196916953,0.14428452943196549,,,0.7110017078785179,0.07835005741684856,0.5911815509214243,0.01617237407031933,0.6624995101305013,0.14208839073033652,,,0.9846916774471755,0.013888888888888888,0.551612218278885,0.060001901290023786,,,0.6613686698855659,0.08754875337103091,,,0.7044921030850368,0.0781695513893995,0.7636339760227413,0.10376255054049413,0.7990923793661139,0.02464933491067389,0.7221373447722019,0.05877573241757855,,,0.662310020286674,0.0048763648613607226,0.7304207119741101,0.00374852454537784,0.5763208291089332,0.017430118237551633,0.72723339822626,0.009777258660858427,,,,,,,0.8805825242718446,0.004763736376141067,,,,,0.8229840448469168,0.0012165450121654502,0.7726978649989217,0.0014098789858008947,,,,,,,,,0.48777273709224456,0.0024106075027543286,0.8379227776114937,0.011005473525097351,0.3346396690616155,0.007031158416963808,0.8501477994306985,0.07198833694806928,0.6565997770345597,0.01940909692997605,0.826570256853011,0.08464171812103152,,,,,0.9009203336209376,0.004406008032531172,,,0.7218087973309673,0.07380221132974482
